,url,common_name
0,https://www.birdguides-cdn.com/cdn/gallery/birdguides/c0d8902b-c42e-4c9f-a920-60f48ea5af7f.jpg,Jungle nightjar
1,https://static.thainationalparks.com/img/species/2020/08/20/396342/oriental-scops-owl-w-900.jpg,Oriental scops-owl
2,https://i.pinimg.com/originals/12/db/5e/12db5e10e3c373986515740279f1f8f0.jpg,Brown fish-owl
3,https://i.pinimg.com/originals/b5/c0/1a/b5c01a68034101d6009e3f5894b225ff.jpg,Brown wood-owl
4,https://cdn.birdwatchingdaily.com/2017/03/Rock-Pigeon-Cagary.jpg,Rock pigeon
5,http://nzbirdsonline.org.nz/sites/all/files/1200295IMG_3464%20Black%20Kite%20copy.jpg,Black kite
6,http://1.bp.blogspot.com/-izIvcLVVArU/UwTgqw5sTmI/AAAAAAAAATo/1ZJEfd_tod0/s1600/IMG_0210.JPG,Green bee-eater
7,"https://www.thesprucepets.com/thmb/lFMBHZ00JKv3DQJSPRd_1G9oYSI=/2320x1543/filters:fill(auto,1)/alexandrine-parakeet-488194417-5b553a71c9e77c0037c55b72.jpg",Alexandrine parakeet
8,https://i0.wp.com/natureconservation.in/wp-content/uploads/2016/01/10-1.jpg,Rose-ringed parakeet
9,https://cdn.download.ams.birds.cornell.edu/api/v1/asset/126364851/1800,House crow
10,https://alchetron.com/cdn/dusky-crag-martin-de04411d-24b5-4aa2-80c1-23824a58bee-resize-750.jpeg,Dusky crag-martin
11,http://www.kuwaitbirds.org/sites/default/files/styles/large/public/bird-photos/mp/red-vented-bulbul-bahrain-mp.jpg?itok=AVMd2EjK,Red-vented bulbul
12,https://2.bp.blogspot.com/-3AcqBwE1P_Y/UMyXyY2i8QI/AAAAAAAAE5M/NaV0M8Lh_C8/s1600/Common+myna+Acridotheres+tristis.jpg,Common myna
13,https://2.bp.blogspot.com/-hWSPxW65Kdo/T_yq0DajVSI/AAAAAAAAAKQ/wM4_A1N_o2A/s1600/fIMG_0474.jpg,Indian silverbill
14,https://1.bp.blogspot.com/-Mdzyy3rLlTo/U0flfFH-XTI/AAAAAAAAAyY/-xubOy961Sc/s1600/Asian_koel.jpg,Asian koel
15,https://2.bp.blogspot.com/-tEqc4OFwlC8/V3Z9_aWQskI/AAAAAAAASZI/RkJkBBCR_QMrnT2zCyipZLOPkoQh_QF8gCKgB/s1600/29-6-2016%2BALBUFERA%252C%2BVALENCIA%2B-%2BBLACK%2BWINGED%2BSTILT%2B2.jpg,Black-winged stilt
16,http://traveltalesfromindia.in/wp-content/uploads/2010/06/Red-Wattled-lapwing-Gurgaon.jpg,Red-wattled lapwing
17,https://static.thainationalparks.com/img/species/2020/08/20/396257/river-tern-w-1500.jpg,River tern
18,https://bubobirding.com/wp-content/uploads/2020/08/Little-Cormorant_20150106_1061367.jpg,Little cormorant
19,https://ct.audubon.org/sites/default/files/styles/bean_wysiwyg_full_width/public/media-netx/21082/APA-2017_Great-Egret_A1_4183_4_KK_Franklin-Abbott_KK.jpg?itok=3shDs-vS,Great egret
20,http://global.canon/en/environment/bird-branch/photo-gallery/kosagi/img/gallery-kosagi-photo2-l.jpg,Little egret
21,https://cdn.birdwatchingdaily.com/2015/06/DSC_0577-Copy.jpg,Common tailorbird
22,https://www.birdsofgujarat.in/site-content/uploads/large-grey-babbler.jpg,Large gray babbler
23,https://irantours24.com/wp-content/uploads/2018/06/Purple-Sunbird-iran-birds.jpeg,Purple sunbird
24,https://www.allaboutbirds.org/guide/assets/photo/63742401-1280px.jpg,House sparrow
25,https://upload.wikimedia.org/wikipedia/commons/thumb/1/1b/Bar-headed_Goose_-_St_James's_Park%2C_London_-_Nov_2006.jpg/1200px-Bar-headed_Goose_-_St_James's_Park%2C_London_-_Nov_2006.jpg,Bar-headed goose
26,https://www.audubon.org/sites/default/files/styles/grid_gallery_lightbox/public/apa_2015_brunostruck_281181_northern_shoveler_kk_breeding-adult-male.jpg?itok=_KyDpQrf,Northern shoveler
27,https://cdn.download.ams.birds.cornell.edu/api/v1/asset/126397511/1800,Indian spot-billed duck
28,https://cdn.download.ams.birds.cornell.edu/api/v1/asset/45200941/1800,Eurasian moorhen
29,https://birdlifephotography.org.au/images/bl_photos/2020/03/15a71f8f02d4a6931d427d11ef7770a2.jpg,Eurasian coot
30,http://2.bp.blogspot.com/-QXimYH9_4dU/U_pXfLrpG-I/AAAAAAAAGZs/ajYlFsr5uAI/s1600/Common%2BSandpiper1.jpg,Common sandpiper
31,https://www.wallpapers13.com/wp-content/uploads/2016/06/Brown-headed-gull-Chroicocephalus-brunnicephalus-is-a-small-gull-which-breeds-in-the-high-plateaus-of-central-Asia-from-Tajikistan-to-Ordos-in-Inner-Mongolia.-It-is-migratory-1280x1024.jpg,Brown-headed gull
32,https://www.birdguides-cdn.com/cdn/gallery/birdguides/838f017d-4789-4788-9f59-2311d8aa298a.jpg,Pallas's gull
33,http://mediad.publicbroadcasting.net/p/wnpr/files/styles/x_large/public/201608/painted_stork_2.jpg,Painted stork
34,https://cdn.download.ams.birds.cornell.edu/api/v1/asset/133739461/1800,Indian cormorant
35,https://cdn-03.independent.ie/regionals/wicklowpeople/lifestyle/article35180184.ece/407da/AUTOCROP/w620/2016-11-02_wex_25971572_I1.JPG,Gray heron
36,http://birdwatch.ph/wp-content/uploads/2012/02/intermediate-egret-3.jpg,Intermediate egret
37,http://www.nzbirdsonline.org.nz/sites/all/files/Cattle%20Egret%2C%20Weggery%20Lagoon%2C%209th%20May%202015.No_.4.jpg,Cattle egret
38,https://owendeutsch.com/wp-content/uploads/2019/05/Indian-Pond-Heron-3RCS.jpg,Indian pond-heron
39,https://i0.wp.com/naturetravelbirding.com/wp-content/uploads/2019/09/Glossy-Ibis.jpg?ssl=1,Glossy ibis
40,https://hive.natureinfocus.in/wp-content/uploads/2019/11/20191111240473-1-1.jpg,Black-headed ibis
41,http://3.bp.blogspot.com/-eIHqvIdBbaw/UfUFVfxO87I/AAAAAAAALKQ/_dCLAhCyVDo/s1600/Brahminy+KiteL(4).jpg,Brahminy kite
42,https://exoticbirds.life/wp-content/uploads/2018/05/Pied-Kingfisher-destacado.jpg,Pied kingfisher
43,https://www.shanghaibirding.com/wp-content/uploads/2021/05/shrike-long-tailed025.jpg,Long-tailed shrike
44,https://www.birdguides.com/cdn/gallery/birds/DSC_4087RCSBEST2.jpg,Rosy starling
45,https://4.bp.blogspot.com/-L2UJsCjwXDY/WNfvC1CzKoI/AAAAAAAAQPs/J6dXTw2ntt4-PjvjhWmd3twZTQHwuafOQCLcB/s1600/Asian%2Bpalm-swift%2B-%2BCypsiurus%2Bbalasiensis1.JPG,Asian palm-swift
46,https://i2.wp.com/birderpics.com/wp/wp-content/uploads/2016/06/Indian-grey-hornbill.jpg,Indian gray hornbill
47,https://bubobirding.com/wp-content/uploads/2020/04/Large-billed-Crow_20140523_018743-1200x630.jpg,Large-billed crow
48,https://econote139327348.files.wordpress.com/2020/12/337-cinereous-tit-e892bce8838ce5b1b1e99b80-02.jpg,Cinereous tit
49,https://i.pinimg.com/originals/68/45/f2/6845f29a635402fd6620188922d32ab5.jpg,Jungle myna
50,https://www.birdguides-cdn.com/cdn/gallery/birdguides/6d8cf692-1c6c-4359-9857-c69038fa89b8.jpg,Shikra
51,http://www.nejohnston.org/birds/2015/12/Images/IMG_9196.jpg,Indian peafowl
52,http://www.atozpictures.com/uploads/2016/12/jungle-bush-quail-gallery.jpg,Jungle bush-quail
53,http://www.surfbirds.com/community-blogs/obroadie/files/2014/01/Greater-Coucal2.jpg,Greater coucal
54,https://www.birdguides-cdn.com/cdn/gallery/birds/NA0_7912.jpg?&height=1080,Little swift
55,https://i0.wp.com/blpn.org/wp-content/uploads/2018/11/black-winged-kite.jpg?ssl=1,Black-winged kite
56,https://cdn.download.ams.birds.cornell.edu/api/v1/asset/44590991/1800,Eurasian kestrel
57,http://blog.nationalgeographic.org/wp-content/uploads/2017/12/Black-Drongo-removing-the-sting-of-a-bee-before-eating-it.-@-Dharwad-Karnataka.-Vaidehi-Gunjal.jpg,Black drongo
58,https://cdn.download.ams.birds.cornell.edu/api/v1/asset/149049791/1800,Malabar lark
59,https://www.birdsofgujarat.in/site-content/uploads/ashy-prinia.jpg,Ashy prinia
60,https://kuwaitbirds.org/sites/default/files/styles/large960/public/bird-photos/do/blyths-reed-warbler-finland-do.jpg?itok=HpewViL_,Blyth's reed warbler
61,https://www.birdguides-cdn.com/cdn/gallery/birds/CragMartin2-Alberutx.jpg?&height=1080,Eurasian crag-martin
62,https://4.bp.blogspot.com/-B77Th3XRKNg/T_V1FbJwFsI/AAAAAAAAFmc/NS08PiXqfq0/s1600/IMG_9173++Red-rumped++Swallow+10x15+040712.jpg,Red-rumped swallow
63,https://www.agric.wa.gov.au/sites/gateway/files/Bulbul%20Jay%20Yeung%202010_FOR%20USE%20IN%20PEST%20ALERT%20ONLY.jpg,Red-whiskered bulbul
64,https://i.pinimg.com/originals/ca/f4/60/caf4609e72ce137b6c3f2571aaa166c3.jpg,Indian robin
65,http://1.bp.blogspot.com/-0nXtbZ772ys/VE90XylopCI/AAAAAAAAEAc/dLeJF6n6QIM/s1600/Red-breasted%2BFlycatcher%2Ba1.jpg,Red-breasted flycatcher
66,https://i1.treknature.com/photos/4767/bush_chat-male.jpg,Pied bushchat
67,https://cdn.photovaliant.com/wp-content/uploads/2015/11/purple-rumped-sunbird-1-0617.jpg,Purple-rumped sunbird
68,http://3.bp.blogspot.com/-0n3BmByJ2Jc/T_9nl__KTKI/AAAAAAAAALI/GJeZ0rVHwUI/s1600/muniac+(1+of+1).jpg,Scaly-breasted munia
69,https://www.birdguides-cdn.com/cdn/gallery/birds/PaddyfieldPipit1.jpg,Paddyfield pipit
70,http://www.outdooralabama.com/sites/default/files/Wildlife/Birds/Eurasian_collared_dove_Dan_Talson.jpg,Eurasian collared-dove
71,http://nzbirdsonline.org.nz/sites/all/files/Spotted%20Dove-.jpg,Spotted dove
72,https://owendeutsch.com/wp-content/uploads/2019/05/Laughing-Dove-40RCS.jpg,Laughing dove
73,https://www.indiawilds.com/forums/attachment.php?attachmentid=19908&stc=1&d=1571099733,Common hawk-cuckoo
74,https://images.fineartamerica.com/images-medium-large-5/yellow-wattled-lapwing-tony-camacho.jpg,Yellow-wattled lapwing
75,https://cdn.download.ams.birds.cornell.edu/api/v1/asset/133718611/1800,Asian openbill
76,https://www.birdsofgujarat.in/site-content/uploads/woolly-necked-stork-1920x1280.jpg,Woolly-necked stork
77,https://steemitimages.com/DQmceUur9SGCXsb7RBAFuquLrB654iMT338pC7ijkwp25mc/heron4.JPG,Purple heron
78,https://i.pinimg.com/originals/1f/00/34/1f003491ee23aba35383ab1b85349b72.jpg,Red-naped ibis
79,https://cdn.download.ams.birds.cornell.edu/api/v1/asset/45039971/1800,Eurasian marsh-harrier
80,https://phoochan.com/wp-content/uploads/2016/05/PC_3894-Edit.jpg,Spotted owlet
81,https://bubobirding.com/wp-content/uploads/2020/07/Mottled-Wood-Owl_201003202175E.jpg,Mottled wood-owl
82,http://www.birdwallpapers.com/content/images/big_bird_img/391.jpg,Eurasian hoopoe
83,http://2.bp.blogspot.com/-X5h4nFHh1oY/U1XDm4R-KLI/AAAAAAAAAuk/dvuT77j_7KM/s1600/white+Throated.jpg,White-throated kingfisher
84,https://images5.alphacoders.com/665/thumb-1920-665348.jpg,Coppersmith barbet
85,https://2.bp.blogspot.com/-mvMl-K0QtAk/U3n-FYNcbJI/AAAAAAAAIdo/Pf1Lozx1_RM/s1600/IMG_6134+Lesser+Kestrel+190514.jpg,Lesser kestrel
86,https://blog.nationalgeographic.org/wp-content/uploads/2012/11/Amur-Falconfemale-Lazuli-Farm-Andrew-Keys.jpg,Amur falcon
87,https://upload.wikimedia.org/wikipedia/commons/e/ed/Common_Iora.jpg,Common iora
88,https://i.pinimg.com/originals/19/a3/22/19a3227e2b927380c0077fc5d53fdf52.jpg,Spot-breasted fantail
89,https://thaibirding.photography/wp-content/uploads/2019/04/Ashy-Drongo.jpg,Ashy drongo
90,https://i1.wp.com/natureconservation.in/wp-content/uploads/2016/01/040.jpg,Bay-backed shrike
91,https://www.birdguides-cdn.com/cdn/gallery/birdguides/b71bd7d2-9ebc-4edf-a653-00f1e2dac821.jpg,Great gray shrike
92,https://static.thainationalparks.com/img/species/2020/08/23/396596/plain-prinia-w-1500.jpg,Plain prinia
93,http://4.bp.blogspot.com/-XMowasSEk_Y/VbEFL5Jkh8I/AAAAAAAAgho/A6cTMsX2AAs/s1600/Barn%2BSwallows%252C%2B%2528Horicon%2BMarsh%2529%2B7-2015-0740.jpg,Barn swallow
94,https://images.fineartamerica.com/images/artworkimages/mediumlarge/1/wire-tailed-swallow-on-a-wire-morris-finkelstein.jpg,Wire-tailed swallow
95,https://i.pinimg.com/originals/4a/f9/9f/4af99f77c83bf687f4577d9edddb2f1c.jpg,Brahminy starling
96,https://www.pixellicious.com/wp-content/uploads/2016/12/01_robin-female.jpg,Oriental magpie-robin
97,https://www.birdguides-cdn.com/cdn/gallery/birdguides/09cba1c3-eb17-4b2c-9343-6b957d400ffa.jpg,Siberian stonechat
98,https://cdn.download.ams.birds.cornell.edu/api/v1/asset/257824121/1800,Western yellow wagtail
99,https://s.hdnux.com/photos/71/47/22/15103147/3/rawImage.jpg,Osprey
100,https://cdn.britannica.com/32/140432-050-FF67B13C/Ruddy-shelduck.jpg,Ruddy shelduck
101,https://www.audubon.org/sites/default/files/styles/grid_gallery_lightbox/public/Garganey_t09-1-004_l_1.jpg?itok=sgVNkSw_,Garganey
102,http://birdnote.org/sites/default/files/storage/gadw_male_gth4.jpg,Gadwall
103,https://www.audubon.org/sites/default/files/styles/hero_cover_bird_page/public/eurasian-wigeon_001_winter_california_betsymatsubara_flickrccby-2.0_breeding-adult-male.jpg?itok=5ItGxsX4,Eurasian wigeon
104,http://www.audubon.org/sites/default/files/styles/hero_cover_bird_page/public/Green-winged%20Teal%20j08-1-015_V.jpg?itok=hroqwQIl,Green-winged teal
105,https://www.birdguides.com/cdn/gallery/birds/_CJN3679.jpg,Little grebe
106,https://images.fineartamerica.com/images/artworkimages/mediumlarge/3/grey-headed-swamphen-matthew-lerman.jpg,Gray-headed swamphen
107,https://1.bp.blogspot.com/-9srWou2vzsc/X186PNUbYyI/AAAAAAAAY84/L_bHm0mmUfoUt_V74N1oPo_YLc3sdoObQCLcBGAsYHQ/s4608/Little-Ringed%2BPlover%2B130920.jpg,Little ringed plover
108,https://www.birdguides.com/cdn/gallery/birds/AB1I8280-LittleStint.jpg,Little stint
109,http://blogs.tallahassee.com/community/wp-content/uploads/2014/09/Common-Snipe.jpg,Common snipe
110,http://www.birdskoreablog.org/wp-content/uploads/2016/05/bk-brown-shrike-AP9F1136.jpg,Brown shrike
111,https://photovaliant.com/wp-content/uploads/2015/12/Tickells-Blue-Flycatcher-ABC_5595-2-900x600.jpg,Tickell's blue flycatcher
112,https://pixahive.com/wp-content/uploads/2020/12/A-White-Browed-Wagtail-217597-pixahive.jpg,White-browed wagtail
113,https://bilderreich.de/images/slider/2016/09/1600/20160927_7014_3x2/wood-sandpiper.jpg,Wood sandpiper
114,https://1.bp.blogspot.com/-OEkKAsoa7OI/UZ9UiJCxP9I/AAAAAAAAHOk/svF3pxUVthA/s1600/IMG_3981+Kentish+Plover+6x4+200513.jpg,Kentish plover
115,http://thewebsiteofeverything.com/animals/birds/img/336-w/Tawny-Lark.jpg,Tawny lark
116,https://www.birdguides.com/cdn/gallery/birds/DesertWheatear-1.jpg,Desert wheatear
117,http://voice.gardenbird.co.uk/wp-content/uploads/2017/07/Grey-wagtail-sitting-on-a-branch.jpg,Gray wagtail
118,https://birdlifemalta.org/wp-content/uploads/2018/10/Aron241015_14_WhiteWagtail.jpg,White wagtail
119,http://imagingstorm.co.uk/wp-content/uploads/pochard.jpg,Common pochard
120,http://www.birdsandblooms.com/wp-content/uploads/2016/01/Common-Greenshank.jpg,Common greenshank
121,https://www.birdguides.com/cdn/gallery/birds/Spoonbilllandscape.jpg,Eurasian spoonbill
122,https://cdn2.outdoorphotographer.com/gallery/7603/anant2017_119190_576585_1d2784827e_db1225b650-anant2017-dsc_0223.jpg,White-breasted waterhen
123,https://3.bp.blogspot.com/-Iizrz0a0C_E/UlWGSHdyncI/AAAAAAAAHic/5IneMBgY-r8/s1600/IMG_7138+Black-tailed+Godwit+5x5++091013.jpg,Black-tailed godwit
124,https://www.birdguides-cdn.com/cdn/gallery/birds/GreenSandpiper_J4X8219.jpg,Green sandpiper
125,https://www.birdguides-cdn.com/cdn/gallery/birds/redshank1-1.jpg,Common redshank
126,http://1.bp.blogspot.com/-zfhT9Hah7Ls/VQdSSK9S-CI/AAAAAAAAB_o/PcV4cl2JQnI/s1600/2015_March-Lurgan_Lake-BHG-J4P4%2B152.JPG,Black-headed gull
127,https://nas-national-prod.s3.amazonaws.com/gull-billed-tern_002_summer_california_tombenson_flickrccby-nc-nd-2.0_breeding-adults.jpg,Gull-billed tern
128,http://3.bp.blogspot.com/-zR2amkmQYHo/T_Wsqj9tOiI/AAAAAAAAFrw/05HLw-o0ptU/s1600/IMG_8395+Whiskered+Tern+10x15+300612.jpg,Whiskered tern
129,https://images.fineartamerica.com/images/artworkimages/mediumlarge/1/white-eyed-buzzard-butastur-teesa-panoramic-images.jpg,White-eyed buzzard
130,https://us.v-cdn.net/6029383/uploads/editor/ss/psbpgj7q3wm8.jpg,Common kingfisher
131,http://www.onforest.com/forest/wp-content/uploads/2014/02/Indian-Golden-Oriole_Eating_OnForest.com_.jpg,Indian golden oriole
132,https://www.animal.photos/bird1/lark-acs_files/ashy-crowned_sparrow-lark.jpg,Ashy-crowned sparrow-lark
133,https://erbirds.ru/photos/0019/001/00190017001.jpg,Booted warbler
134,http://3.bp.blogspot.com/-MCZPkQX0avE/T54n7RzOXNI/AAAAAAAADec/eUdchxf57WA/s1600/Clamorous+Reed+Warbler+(adult).jpg,Clamorous reed warbler
135,https://cdn.download.ams.birds.cornell.edu/api/v1/asset/126366191/1800,Indian white-eye
136,https://cdn.britannica.com/34/6734-050-AB07EA81/Bluethroat.jpg,Bluethroat
137,http://www.kuwaitbirds.org/sites/default/files/styles/large/public/bird-photos/sho/taiga-flycatcher-sho_1.jpg?itok=ZPi62dCV,Taiga flycatcher
138,https://www.birdsofgujarat.in/site-content/uploads/Baya-Weaver-1920x1280.jpg,Baya weaver
139,https://i.pinimg.com/originals/5a/f7/62/5af762d2dcf1cc9e08f14fd8b102d55d.jpg,Tricolored munia
140,https://i.pinimg.com/originals/fa/4d/5a/fa4d5af4d849eb0ecdca917b2a49fb5f.jpg,Red avadavat
141,https://www.birdsofgujarat.in/site-content/uploads/white-cheeked-barbet.jpg,White-cheeked barbet
142,http://chrishillphotoblog.com/wp-content/uploads/2017/02/Crested-Serpent-Eagle-2.jpg,Crested serpent-eagle
143,https://i.pinimg.com/originals/15/1e/8d/151e8d589fe6b3fc807945bf4816cd5c.jpg,Small minivet
144,http://4.bp.blogspot.com/-LAr1Zd_XpsM/UlzypX8z9oI/AAAAAAAACmU/GuZZsq-LOk0/s1600/DSC_1201.jpg,Rufous treepie
145,http://blogs.tallahassee.com/community/wp-content/uploads/2015/01/Peregrine-Falcon.jpg,Peregrine falcon
146,https://cdn.download.ams.birds.cornell.edu/api/v1/asset/149043681/1800,Indian bushlark
147,https://cdn.download.ams.birds.cornell.edu/api/v1/asset/256553441/1800,Zitting cisticola
148,https://www.british-birdsongs.uk/images/lesser-whitethroat.jpg,Lesser whitethroat
149,http://kuwaitbirds.org/sites/default/files/styles/large/public/bird-photos/mk/tawny-pipit-breeding-plumage-mk.jpg?itok=UrqCtSq-,Tawny pipit
150,https://cdn8.dissolve.com/p/D246_157_422/D246_157_422_1200.jpg,Gray-bellied cuckoo
151,https://cdn.photovaliant.com/wp-content/uploads/2016/10/indian-paradise-flycatcher-female-chinnar-1-1016.jpg,Indian paradise-flycatcher
152,https://www.shanghaibirding.com/wp-content/uploads/2020/09/warbler-greenish007.jpg,Greenish warbler
153,http://2.bp.blogspot.com/-7RdnrWgvsjM/Uw-Xocmi6XI/AAAAAAAAGz0/1dNrbd_tesM/s1600/Pale-billed+flowerpecker+Dicaeum+erythrorhynchos.jpg,Pale-billed flowerpecker
154,https://www.birdguides-cdn.com/cdn/gallery/birds/Forest%20Wagtail%20(7).jpg,Forest wagtail
155,http://4.bp.blogspot.com/-H069ipeUgjs/Uym3UO2CvWI/AAAAAAAAAY0/3yPs5FLAmVc/s1600/Booted+Eagle+Lotan+190314.JPG,Booted eagle
156,https://www.birdguides-cdn.com/cdn/gallery/birdguides/92301366-c8d5-4b55-95d9-3d696bfceaff.jpg,Isabelline wheatear
157,https://nzbirdsonline.org.nz/sites/all/files/marsh%20sandpiper%20tolderol%204%20feb%206.jpg,Marsh sandpiper
158,https://3c1703fe8d.site.internapcdn.net/newman/gfx/news/2015/3-orientalhone.jpg,Oriental honey-buzzard
159,https://www.birdsofgujarat.in/site-content/uploads/grey-francolin.jpg,Gray francolin
160,https://i.pinimg.com/originals/3d/02/2d/3d022d13f1313651674962ac7626ce55.jpg,Yellow-throated sparrow
161,https://kuwaitbirds.org/sites/default/files/styles/large960/public/bird-photos/pf/short-toed-snake-eagle-juvenile-pf.jpg?itok=YcL7yn7v,Short-toed snake-eagle
162,https://cdn.download.ams.birds.cornell.edu/api/v1/asset/145413301/1800,Tawny eagle
163,https://www.birdsofgujarat.in/site-content/uploads/steppe-eagle.jpg,Steppe eagle
164,http://www.conflictedseeds.com/wp-content/uploads/2016/03/Kaiseradler_Aquila_heliaca_2_amk.jpg,Imperial eagle
165,https://a4.pbase.com/o6/55/693455/1/92658196.eNNTCZ6L.rufoustailedlark1.jpg,Rufous-tailed lark
166,https://www.birdguides-cdn.com/cdn/gallery/birdguides/ab39fa6e-749c-4c19-9338-d87f5fb04435.jpg,Blue rock-thrush
167,https://www.birdguides.com/cdn/gallery/birds/20200424-UK-Nottinghamshire-Elkesley-ElkesleyWoods-TreePipit-Male-8x10_G1A1926.jpg,Tree pipit
168,https://4.bp.blogspot.com/-xwT-ZmZ6AP4/VFbToC3_1CI/AAAAAAAAADw/ZE3gDYIOzT8/s1600/crested-male-finalweb.jpg,Crested bunting
169,https://i.pinimg.com/originals/b3/dd/75/b3dd75e08e06058c458ed13f52a9049f.jpg,Indian roller
170,"http://carolinabirds.org/Images2LG/Stint,_Temmincks_AndreasTrepte.jpg",Temminck's stint
171,https://www.marylandzoo.org/wp-content/uploads/2017/11/pintail_web-1024x683.jpg,Northern pintail
172,https://cdn.britannica.com/44/117044-050-ECE62B79/Ruff.jpg,Ruff
173,https://i1.wp.com/kimsmithdesigns.com/wp-content/uploads/2016/11/great-cormorant-juvenile-niles-pond-gloucester-massachustts-1-copyright-kim-smith.jpg?ssl=1,Great cormorant
174,https://live.staticflickr.com/5695/21009864322_87d261a537_b.jpg,Tawny-bellied babbler
175,https://www.toehold.in/wp-content/uploads/2017/10/GreyJunglefowl-FB.jpg,Gray junglefowl
176,http://www.audubon.org/sites/default/files/styles/hero_cover_bird_page/public/Oriental_TurtleDove_2293383134_88b11533b7_o_KK_FlickrCC.jpg?itok=Ukn1y8Gp,Oriental turtle-dove
177,https://www.birdsofgujarat.in/site-content/uploads/yellow-footed-green-pigeon-1920x1280.jpg,Yellow-footed green-pigeon
178,http://farm8.staticflickr.com/7031/6839727947_6c79af469e_b.jpg,Sirkeer malkoha
179,https://www.birdphotos.com/gallery2/main.php?g2_view=core.DownloadItem&g2_itemId=53363&g2_serialNumber=3,Alpine swift
180,https://www.allaboutbirds.org/guide/assets/photo/70693031-1900px.jpg,Black-crowned night-heron
181,http://wallpapersdsc.net/wp-content/uploads/2017/05/Black-Eagle-High-Definition-Wallpapers-.jpg,Black eagle
182,https://cdn.birdwatchingdaily.com/2014/06/EA6T8502.jpg,Eurasian sparrowhawk
183,https://a4.pbase.com/o10/86/959086/1/130887081.RaTvs3s9.Yellowcrownedwoodpeckerbp.jpg,Yellow-crowned woodpecker
184,http://www.singing-wings-aviary.com/wp-content/uploads/2015/04/Plum-Headed-Parakeet-Bird.jpg,Plum-headed parakeet
185,https://www.birdguides-cdn.com/cdn/gallery/birdguides/93a8d7e6-7c85-488d-bb5c-e80b4f5b09c7.jpg,White-bellied drongo
186,http://drkrishi.com/wp-content/uploads/Grey-breasted-Prinia-1.jpg,Gray-breasted prinia
187,https://cdn.download.ams.birds.cornell.edu/api/v1/asset/150322831/1800,Jungle prinia
188,https://birdlifecyprus.org/wp-content/uploads/sites/3/2020/10/common-chiffchaff-by-albert-stoecker-1.jpg,Common chiffchaff
189,https://photovaliant.com/wp-content/uploads/2016/09/Indian-Scimitar-Babbler-ABC_9486.jpg,Indian scimitar-babbler
190,https://cdn.download.ams.birds.cornell.edu/api/v1/asset/133933661/1800,Puff-throated babbler
191,https://www.birdsofgujarat.in/site-content/uploads/brown-cheeked-fulvetta-1920x1280.jpg,Brown-cheeked fulvetta
192,http://2.bp.blogspot.com/-CXFm-GnM6bI/Uxkntn2pcZI/AAAAAAAAAqM/CMyK0YwuJdI/s1600/JUNGLE-BABBLER.jpg,Jungle babbler
193,https://i.redd.it/m4q5ysxkaur21.jpg,Chestnut-tailed starling
194,https://blog.nationalgeographic.org/wp-content/uploads/2020/02/Indian-Blackbird-Mumbai-India-Binesh-Nair.jpg,Indian blackbird
195,https://www.shanghaibirding.com/wp-content/uploads/2020/01/flycatcher-asian-brown060a.jpg,Asian brown flycatcher
196,https://upload.wikimedia.org/wikipedia/commons/thumb/d/d9/White-bellied_Blue_Flycatcher_SM.jpg/1280px-White-bellied_Blue_Flycatcher_SM.jpg,White-bellied blue flycatcher
197,https://bubobirding.com/wp-content/uploads/2020/08/Verditer-Flycatcher_46424097905_78acb8528e_o.jpg,Verditer flycatcher
198,https://bubobirding.com/wp-content/uploads/2021/02/Thick-billed-Flowerpecker_200301141923_ThickbilledFlowerpecker.jpg,Thick-billed flowerpecker
199,http://1.bp.blogspot.com/-JfXKEuw0lAk/TgOEGLu7zvI/AAAAAAAABTY/2yWCuBhPm3M/s1600/Golden-fronted+leafbird+Chloropsis+aurifrons.JPG,Golden-fronted leafbird
200,https://www.kuwaitbirds.org/sites/default/files/styles/large960/public/bird-photos/do/grey-necked-bunting-turkey-do.jpg?itok=m1K4n29F,Gray-necked bunting
201,https://thumbs-prod.si-cdn.com/CMZyKX85zdnDvyKs2yOx_prAPRI=/fit-in/1072x0/https://contest-public-media.si-cdn.com/a9d5656bfc7b809c4931898e842cd34992b48858.jpg,Red collared-dove
202,https://www.birdsofgujarat.in/site-content/uploads/chestnut-bellied-sandgrouse-1920x1280.jpg,Chestnut-bellied sandgrouse
203,https://cdn.download.ams.birds.cornell.edu/api/v1/asset/143013481/1800,Indian courser
204,https://www.birdguides-cdn.com/cdn/gallery/birds/9-7.jpg?&height=1080,Greater spotted eagle
205,https://i.pinimg.com/originals/fb/11/cc/fb11cc3944182dbe8983a23739cf868c.jpg,Bonelli's eagle
206,https://community.rspb.org.uk/community/cfs-file.ashx/__key/communityserver-blogs-components-weblogfiles/00-00-01-57-64/8203.Male_2C00_-Groningen_2C00_-July-2017-_2D00_-_2800_c_2900_-Ruurd-Jelle-van-der-Leij.jpg,Pallid harrier
207,https://bubobirding.com/wp-content/uploads/2020/07/Montagus-Harrier_200411160973B_MontagusHarrier.jpg,Montagu's harrier
208,https://cdn.download.ams.birds.cornell.edu/api/v1/asset/147539221/1800,Common woodshrike
209,https://animalsplanet.net/wp-content/uploads/2019/01/Diet-of-Common-House-Martin.jpg,Common house-martin
210,https://alchetron.com/cdn/jerdons-leafbird-7c033c12-41d1-4c07-961a-85b85bfe307-resize-750.jpeg,Jerdon's leafbird
211,http://2.bp.blogspot.com/-xA4oiV1u4ZQ/VJHuqIGBvSI/AAAAAAAABNQ/IGpx9Uz2fS0/s1600/Richard's_Pipit1.jpg,Richard's pipit
212,https://i.pinimg.com/originals/e7/06/3b/e7063b885a9f37e04317c3badfaf6417.jpg,Mongolian short-toed lark
213,https://c1.staticflickr.com/7/6027/5985109276_052a669d46_b.jpg,Streak-throated swallow
214,https://birdsonline.co.uk/wp-content/uploads/2020/03/Blyths-Pipit-31-15-Oct-15.jpg,Blyth's pipit
215,https://www.granalacantadvertiser.com/wp-content/uploads/2019/01/DSC_2452.jpg,Black redstart
216,https://www.birdguides-cdn.com/cdn/gallery/birds/5a34bd9d-6282-44cc-b3a0-dde322cecce3_image.jpg?&height=1080,Red-headed bunting
217,https://alchetron.com/cdn/red-spurfowl-a53ff661-0661-4de6-9c77-94a0b9b28e1-resize-750.jpeg,Red spurfowl
218,https://kuwaitbirds.org/sites/default/files/styles/large/public/bird-photos/mk/eurasian-wryneck-mk.jpg?itok=ptWpmBKw,Eurasian wryneck
219,https://www.birdguides-cdn.com/cdn/gallery/birdguides/76efe78f-faaa-442c-8038-36f37daedacf.jpg,Citrine wagtail
220,https://i.pinimg.com/originals/22/2c/e5/222ce51cb1cfa3c3d7873d4ce4993463.jpg,Rock bush-quail
221,https://i.pinimg.com/originals/87/3a/fd/873afd28340c3017cbf006af281994bd.jpg,Common rosefinch
222,https://alchetron.com/cdn/crested-treeswift-48e4db92-07a8-4ec8-be44-6ab028fc8cb-resize-750.jpeg,Crested treeswift
223,https://owendeutsch.com/wp-content/uploads/2019/05/Greater-Painted-Snipe-113RCS.jpg,Greater painted-snipe
224,https://owendeutsch.com/wp-content/uploads/2019/05/Yellow-eyed-Babbler-117RCS.jpg,Yellow-eyed babbler
225,https://1.bp.blogspot.com/-__G4A6_OqVA/WS-zuRk5zyI/AAAAAAAAcqY/nA2MFRR05poOWYrmWRGlrmSyTiB-6WWswCLcB/s1600/31-5-2017%2BMARJAL%2BDE%2BMOROS%252C%2BVALENCIA%2B-%2BGREATER%2BFLAMINGO%2B1.jpg,Greater flamingo
226,https://i.pinimg.com/originals/39/6c/ea/396ceafdda88e8c78d8d8616f61c9615.jpg,Indian nightjar
227,https://cdn.birdwatchingdaily.com/2015/03/IMG_8740.jpg,Small pratincole
228,https://4.bp.blogspot.com/-w905eCfI3E0/XFsTsx7UV4I/AAAAAAAAFAQ/79uhB2bEkUYpNucInFfrEH2figpDd5vcQCLcBGAs/s1600/2C6A5218%2BLesser%2BBlack-backed%2BGull.JPG,Lesser black-backed gull
229,https://static.thainationalparks.com/img/species/2020/08/16/395776/lesser-adjutant-w-900.jpg,Lesser adjutant
230,https://i.pinimg.com/originals/93/d3/ff/93d3ff015330740a25b1fef39d21a9e2.jpg,Oriental darter
231,https://live.staticflickr.com/1792/43929682382_d14a95900a_b.jpg,Striolated bunting
232,https://live.staticflickr.com/3365/3606627313_5997bbe7e6_b.jpg,Yellow bittern
233,http://4.bp.blogspot.com/-ADYb7m29k98/T-69tH-4LAI/AAAAAAAAG60/oa_iQcQqDPE/s1600/Paddyfield+Warbler+June+30+2012+102.JPG,Paddyfield warbler
234,https://cdn.download.ams.birds.cornell.edu/api/v1/asset/140479701/1800,Western reef-heron
235,https://i.pinimg.com/originals/78/0a/a8/780aa8cc4673061aaf7e35f063e98099.jpg,Bank myna
236,http://www.kuwaitbirds.org/sites/default/files/styles/large960/public/bird-photos/pf/sykess-warbler-pf.jpg?itok=ElMrOnzS,Sykes's warbler
237,http://www.thainationalparks.com/img/species/2020/07/27/395539/pheasant-tailed-jacana-w-1500.jpg,Pheasant-tailed jacana
238,https://i.pinimg.com/originals/3e/4b/02/3e4b023f1474b2b6f605900f2b8e0afc.jpg,Taiga bean-goose
239,https://cdn.photovaliant.com/wp-content/uploads/2016/04/Indian-Yellow-Tit-ABC_9758-900x600.jpg,Indian yellow tit
240,https://external-preview.redd.it/vGM9gF5kBg8zwwBUzMKpjaeMZjmVvVYNCA1ghtniRAA.jpg?auto=webp&s=206983814290c5fb1e71f645ee1486c1e34a12f5,Bronze-winged jacana
241,http://chrishillphotoblog.com/wp-content/uploads/2017/02/Changeable-Hawk-Eagle.jpg,Changeable hawk-eagle
242,https://cdn.download.ams.birds.cornell.edu/api/v1/asset/141853441/1800,Asian emerald dove
243,https://www.shanghaibirding.com/wp-content/uploads/2020/01/pipit-olive-backed036.jpg,Olive-backed pipit
244,https://birdwatchireland.ie/app/uploads/2019/02/Tufted-Duck-P01-Michael-Finn.jpg,Tufted duck
245,https://i.pinimg.com/originals/b4/70/5c/b4705ce819540ff607bfebf48c90e010.jpg,Black-naped monarch
246,http://1.bp.blogspot.com/-QmM04gsx88M/U859_FwYy-I/AAAAAAAAIIs/KC6KGUpSHec/s1600/Yellow-browed+bulbul+Iole+indica.jpg,Yellow-browed bulbul
247,https://www.birdguides-cdn.com/cdn/gallery/birds/Square-tailedBulbul8.jpg,Square-tailed bulbul
248,https://2.bp.blogspot.com/-74fGAUCYfas/WgStbk8TQUI/AAAAAAAASl8/GFXk9oLsn0I-0jnNQv8_jyq3v_J_8CACACLcBGAs/s1600/Hume%2527s%2BYellow-browed%2BWarbler%252C%2BDungeness%252C%2B9th%2BNovember%2B2017%2B%25287%2529.JPG,Hume's warbler
249,https://www.birdsofgujarat.in/site-content/uploads/crimson-backed-sunbird.jpg,Crimson-backed sunbird
250,https://cdn.download.ams.birds.cornell.edu/api/v1/asset/147703871/1800,Black-headed cuckooshrike
251,https://i.pinimg.com/originals/70/18/15/7018156ff073837f9cb841d18c3c74c3.jpg,Ultramarine flycatcher
252,https://upload.wikimedia.org/wikipedia/commons/d/df/28-090504-black-headed-bunting-at-first-layby.jpg,Black-headed bunting
253,https://2.bp.blogspot.com/-_fWU03Q9sDM/Ubwtc_ipPII/AAAAAAAAAfk/GnUQG6t5rto/s1600/Barn-Owl-Facts.JPG,Barn owl
254,https://i.pinimg.com/originals/f0/99/58/f099581e208e9c4a18ecb7241d93c7a8.jpg,Brown rock chat
255,https://www.birdguides.com/cdn/gallery/birds/610A3619_filtered.jpg,Spotted redshank
256,https://www.shanghaibirding.com/wp-content/uploads/2017/12/warbler-sulphur-bellied006.jpg,Sulphur-bellied warbler
257,https://i.pinimg.com/originals/89/c5/a5/89c5a58198358be54f6a0435f31f30a9.jpg,Indian blue robin
258,https://i.pinimg.com/originals/7d/d9/cc/7dd9cc0b0242dc7ae714ffd968a6a499.jpg,White-browed bulbul
259,https://4.bp.blogspot.com/-kAOmj20swcI/WWGSwknEJ1I/AAAAAAAARKE/XcPlh6sVcjELDdESm-AEYVEXtoOgQA6pgCLcBGAs/s1600/Indian%2Bthick-knee%2B-%2BBurhinus%2Bindicus1.jpg,Indian thick-knee
260,https://i.pinimg.com/originals/97/72/05/977205e0a87fcdba7bed4cb3c6d28baa.jpg,Orange minivet
261,https://www.audubon.org/sites/default/files/styles/hero_cover_bird_page/public/web_bankswallow_paul-reeves-photography_shutterstock-1-adult.jpg?itok=S8DrklNv,Bank swallow
262,https://photovaliant.com/wp-content/uploads/2016/08/grey-headed-canary-flycatcher-A16_0368.jpg,Gray-headed canary-flycatcher
263,https://bubobirding.com/wp-content/uploads/2020/07/Blue-capped-Rock-Thrush_201003202152E.jpg,Blue-capped rock-thrush
264,https://bubobirding.com/wp-content/uploads/2020/07/Tytlers-Leaf-Warbler__MG_0203.jpg,Tytler's leaf warbler
265,https://cdn.download.ams.birds.cornell.edu/api/v1/asset/126397851/1800,Lesser whistling-duck
266,https://bubobirding.com/wp-content/uploads/2020/08/Brown-capped-Pygmy-Woodpecker_20151230_0556.jpg,Brown-capped pygmy woodpecker
267,https://objects.liquidweb.services/images/201904/daniel_irons_36682062073_05739cc657_o_d.jpg,Green warbler
268,https://www.shanghaibirding.com/wp-content/uploads/2020/09/warbler-large-billed-leaf004.jpg,Large-billed leaf warbler
269,https://i.pinimg.com/originals/be/2a/30/be2a3024f582df6fb0cca684cf13693a.jpg,Western crowned warbler
270,http://1.bp.blogspot.com/-9ExdGigHCa8/T08I7AApDZI/AAAAAAAAA5M/kB_Pgee2qUM/s1600/orange+headed+thrush+25022012_.jpg,Orange-headed thrush
271,https://upload.wikimedia.org/wikipedia/commons/3/3b/White-rumped_Shama_Thailand.jpg,White-rumped shama
272,https://app.rockjumperbirding.com/sites/rockjumper/attachments/gallery/805/thumbs/Vigorss%20Sunbird%20by%20Markus%20Lilje-300x300.jpg,Vigors's sunbird
273,https://biodiversityofwestbengal.wildwingsindia.in/assets/image/B6VeBiAnAnNecox18.jpg,Cotton pygmy-goose
274,https://www.woburnsafari.co.uk/globalassets/woburn-safari/2.-images/foot-safari/animals/birds-except-penguins/close-up-of-common-buzzard.jpg?w=1024,Common buzzard
275,https://i1.treknature.com/photos/20929/z-bbbbbd.jpg,Knob-billed duck
276,https://i.pinimg.com/originals/40/7a/3a/407a3a4ede75ac23d594a919269c037d.jpg,Besra
277,https://static.thainationalparks.com/img/species/2020/08/23/396669/brown-breasted-flycatcher-w-1500.jpg,Brown-breasted flycatcher
278,https://bubobirding.com/wp-content/uploads/2020/07/Rufous-fronted-Prinia_28494833071_8549084fc0_o.jpg,Rufous-fronted prinia
279,https://cdn.photovaliant.com/wp-content/uploads/2016/02/Malabar-Whistling-Thrush-ABC_7380.jpg,Malabar whistling-thrush
280,https://c1.staticflickr.com/9/8017/7147275125_33cae7f6a0_b.jpg,Ruddy-breasted crake
281,https://www.birdforum.net/gallery/white-rumped-munia.487275/full,White-rumped munia
282,http://www.nejohnston.org/birds/2015/12/Images/IMG_9244.jpg,Demoiselle crane
283,https://c2.staticflickr.com/4/3812/13835233714_3bcfd72cca_b.jpg,Nilgiri wood-pigeon
284,http://2.bp.blogspot.com/-n9ShUMFi6dA/Unh5-9Lb-DI/AAAAAAAABGg/Fs4l25a9Zew/s1600/Caspian-Tern.jpg,Caspian tern
285,https://i.pinimg.com/originals/6a/d6/c6/6ad6c69cc271c3903ce2a5f217e65bf4.jpg,Red-necked falcon
286,https://img5.juzaphoto.com/001/shared_files/uploads/3318603.jpg,Isabelline shrike
287,https://i.redd.it/86u0p84h5ei41.jpg,Tickell's leaf warbler
288,https://www.shanghaibirding.com/wp-content/uploads/2020/02/sandpiper-curlew020.jpg,Curlew sandpiper
289,https://i.pinimg.com/originals/8e/f7/54/8ef754fa48c3c84f80c1072efd13efd9.jpg,Gray-fronted green-pigeon
290,https://i0.wp.com/naturetravelbirding.com/wp-content/uploads/2019/11/Barred-Buttonquail.jpg?ssl=1,Barred buttonquail
291,https://i.pinimg.com/originals/67/86/fb/6786fbc85f7e059cac219e1d53b8e536.jpg,Malabar gray hornbill
292,http://www.indianaturewatch.net/images/album/photo/17296923324e8e903f2babe.JPG,Painted francolin
293,https://i.pinimg.com/736x/35/f9/cd/35f9cda7bb730ba99759f4796f2178ae.jpg,Black-rumped flameback
294,https://upload.wikimedia.org/wikipedia/commons/thumb/5/50/Netta_rufina_(Red-crested_Pochard)_Male%2C_London_Wetland_Centre_-_Diliff.jpg/1200px-Netta_rufina_(Red-crested_Pochard)_Male%2C_London_Wetland_Centre_-_Diliff.jpg,Red-crested pochard
295,https://www.birdguides-cdn.com/cdn/gallery/birdguides/4ef5c190-0f0a-4de9-98e2-993deb448f73.jpg,Pin-tailed snipe
296,https://photovaliant.com/wp-content/uploads/2016/03/Nilgiri-Flowerpecker-ABC_8155.jpg,Nilgiri flowerpecker
297,https://i.pinimg.com/originals/dc/77/98/dc77989bd9de94f15f1070130f834215.jpg,White-bellied minivet
298,https://wildart.in/cache/rails-crakes-and-coots-rallidae/crakes/brown-crake/brown_crake_nalsarovar_2019_nd5_8453_w1200_h800.jpg?cached=1586781761,Brown crake
299,https://i.pinimg.com/originals/76/58/ba/7658badcaaecf66f570f83a768ae8b17.jpg,Pied avocet
300,https://i.pinimg.com/originals/d7/85/29/d7852975fe012a3ae79cbaf6dc693738.jpg,Indian scops-owl
301,https://singaporebirders.files.wordpress.com/2016/01/banded-bay-cuckoo-fy1x9162-112eos1d-140115.jpg?w=768,Banded bay cuckoo
302,http://sdakotabirds.com/species/photos/oriental_pratincole.jpg,Oriental pratincole
303,https://www.birdguides-cdn.com/cdn/gallery/birdguides/5d5aa51d-fc12-4822-8ad2-d7fea8205b3f.jpg,Little tern
304,https://i.pinimg.com/originals/1b/68/de/1b68de1e76056f1192df8b898435ee91.jpg,Rusty-tailed flycatcher
305,https://www.birdguides-cdn.com/cdn/gallery/birdguides/8fcb2beb-41be-47ab-a247-61ac3342f606.jpg,Yellow-browed warbler
306,https://i.pinimg.com/originals/2e/95/a3/2e95a3500562fab89d1c1b013e6675e0.jpg,Eastern orphean warbler
307,https://thumbs.dreamstime.com/b/red-breasted-parakeet-female-psittacula-alexandri-head-shot-profile-32633347.jpg,Red-breasted parakeet
308,https://www.birdphotos.com/gallery2/main.php?g2_view=core.DownloadItem&g2_itemId=83268&g2_serialNumber=3,Savanna nightjar
309,https://cdn.download.ams.birds.cornell.edu/api/v1/asset/122129041/1800,Lesser sand-plover
310,https://www.birdguides.com/cdn/gallery/birdguides/c767eadd-beb4-46be-a2d4-547c7d447ca6.jpg,Eurasian curlew
311,https://alchetron.com/cdn/jerdons-nightjar-a02194a3-f70c-4a0c-8ed5-bb580534e1d-resize-750.jpeg,Jerdon's nightjar
312,https://i.pinimg.com/originals/cb/63/61/cb6361a5931bfbd8c9b9bf61fac5d835.jpg,Indian vulture
313,https://www.audubon.org/sites/default/files/styles/hero_cover_bird_page/public/common-cuckoo_009_summer_england_jameswest_flickrccby-nc-nd-2.0_adult-male.jpg?itok=NG7lJ5_z,Common cuckoo
314,https://www.birdguides-cdn.com/cdn/gallery/birds/IMG_8754_inprogress.jpg?&height=1080,Blue-cheeked bee-eater
315,https://bubobirding.com/wp-content/uploads/2020/07/Common-Babbler_32670038495_c8e4b69381_o.jpg,Common babbler
316,https://hawaiibirdingtrails.hawaii.gov/wp-content/uploads/Pacific-Golden-Plover-winter_Sherman-Wing.jpg,Pacific golden-plover
317,https://infinitespider.com/wp-content/uploads/2015/11/Short-eared_Owl_RWD1.jpg,Short-eared owl
318,http://3.bp.blogspot.com/-VfzY7HC85I8/T6vJb_Nr-TI/AAAAAAAACeI/bGyw1D2nmIo/s1600/Indian+Spotted+Eagle+Aquila+hastata.jpg,Indian spotted eagle
319,https://cdn.photovaliant.com/wp-content/uploads/2016/03/Black-Hooded-Oriole-ABC_8224.jpg,Black-hooded oriole
320,https://www.audubon.org/sites/default/files/styles/hero_cover_bird_page/public/White-winged_Tern_Flickr_Chlidonias_leucopterus_Biebrza_1_KK_FlickrCC.jpg?itok=MBdgK3hd,White-winged tern
321,http://blog.nationalgeographic.org/wp-content/uploads/2014/05/Arindam-Saha-Asian-Pied-Starling.jpeg,Asian pied starling
322,https://bubobirding.com/wp-content/uploads/2020/07/Long-billed-Pipit_20150604_6041041.jpg,Long-billed pipit
323,http://www.atozpictures.com/uploads/2017/08/cinnamon-bittern-female-pictures.jpg,Cinnamon bittern
324,http://4.bp.blogspot.com/-TGUKIjpcbX0/UQRWWHYRr6I/AAAAAAABOHA/h3CRL7LCW1A/s1600/Fork-tailed%2BDrongo%2BCuckoo-Keezhillam-25%2BDecember%2B2009-744176.jpg,Fork-tailed drongo-cuckoo
325,https://wildtrails.in/wp-content/uploads/2019/07/Indian-Pitta.jpeg,Indian pitta
326,https://static.thainationalparks.com/img/species/2020/08/20/396298/vernal-hanging-parrot-w-1500.jpg,Vernal hanging-parrot
327,https://i.pinimg.com/originals/d9/c4/da/d9c4da3c6bb3105cfaa178b615f6f316.jpg,Rain quail
328,https://cdn.download.ams.birds.cornell.edu/api/v1/asset/142560041/1800,Pied cuckoo
329,https://cdn.download.ams.birds.cornell.edu/api/v1/asset/146307781/1800,Black-backed dwarf-kingfisher
330,https://4.bp.blogspot.com/-KBsu_hDDkjU/VQarFk_53eI/AAAAAAAALmM/tCPCe7mBYUw/s1600/White-naped%2BWoodpecker%2B1.jpg,White-naped woodpecker
331,https://www.birdguides-cdn.com/cdn/gallery/birds/BH1I5453ed2100.jpg,Painted sandgrouse
332,https://birdwatchingvietnam.net/images/bird/523/slaty-legged-crake-2796.jpg,Slaty-legged crake
333,https://i.pinimg.com/originals/3d/1c/03/3d1c0349bfe8148d80239de99e33502a.jpg,Streaked weaver
334,https://i.pinimg.com/originals/cb/d6/16/cbd61696f098c235d5e3810dbf656a8f.jpg,Broad-tailed grassbird
335,https://images.fineartamerica.com/images/artworkimages/mediumlarge/1/laggar-falcon-maria-angelica-maira.jpg,Laggar falcon
336,https://static.thainationalparks.com/img/species/wiki/2015/07/24/156684/slaty-breasted-rail-gallirallus-striatus-photographed-in-malaysia-in-2013-by-devon-pike-w-900.jpg,Slaty-breasted rail
337,https://cdn.download.ams.birds.cornell.edu/api/v1/asset/143000061/1800,Small buttonquail
